City_ID,City,Country,Date,Lat,Lng,Max Temp,Humidity,Cloudiness,Wind Speed
0,Changji,CN,2021-11-25 15:37:39,44.0167,87.3167,29.19,74,8,2.24
1,Grindavik,IS,2021-11-25 15:37:40,63.8424,-22.4338,41.47,81,75,23.02
2,Nanortalik,GL,2021-11-25 15:37:40,60.1432,-45.2371,37.56,99,100,1.95
3,Hilo,US,2021-11-25 15:32:44,19.7297,-155.09,75.27,92,90,4.61
4,Port Alfred,ZA,2021-11-25 15:37:41,-33.5906,26.891,65.32,64,93,21.63
5,Bluff,NZ,2021-11-25 15:37:41,-46.6,168.3333,57.43,69,93,13.73
6,Quelimane,MZ,2021-11-25 15:37:42,-17.8786,36.8883,78.75,83,75,8.05
7,Jamestown,US,2021-11-25 15:35:31,42.097,-79.2353,45.72,82,90,4.61
8,Nikolskoye,RU,2021-11-25 15:37:42,59.7035,30.7861,42.87,90,100,12.37
9,Mataura,NZ,2021-11-25 15:37:43,-46.1927,168.8643,58.71,54,100,9.04
10,Bredasdorp,ZA,2021-11-25 15:37:43,-34.5322,20.0403,69.28,64,0,28.05
11,Altamont,US,2021-11-25 15:37:43,42.2068,-121.7372,30.78,86,1,0.0
12,Imbituba,BR,2021-11-25 15:34:30,-28.24,-48.6703,83.82,60,1,21.41
13,Mizdah,LY,2021-11-25 15:37:44,31.4451,12.9801,73.06,27,84,19.19
14,Staryy Nadym,RU,2021-11-25 15:37:44,65.6118,72.6842,5.49,91,100,11.65
15,Longyearbyen,SJ,2021-11-25 15:37:45,78.2186,15.6401,12.04,48,40,17.27
16,Lorengau,PG,2021-11-25 15:37:45,-2.0226,147.2712,81.46,76,15,5.64
17,Busselton,AU,2021-11-25 15:37:46,-33.65,115.3333,65.08,79,56,11.56
18,Beringovskiy,RU,2021-11-25 15:37:46,63.05,179.3167,-11.54,91,47,9.19
19,Severo-Kurilsk,RU,2021-11-25 15:37:47,50.6789,156.125,34.45,84,82,4.56
20,Georgetown,MY,2021-11-25 15:37:24,5.4112,100.3354,78.75,91,40,3.0
21,Buala,SB,2021-11-25 15:37:48,-8.145,159.5921,80.15,81,78,4.88
22,Port Jervis,US,2021-11-25 15:37:48,41.3751,-74.6927,49.17,60,96,3.53
23,Chapleau,CA,2021-11-25 15:35:12,47.8405,-83.4034,17.69,93,90,10.36
24,Port Lincoln,AU,2021-11-25 15:37:49,-34.7333,135.8667,59.04,78,100,19.04
25,Narsaq,GL,2021-11-25 15:37:49,60.9167,-46.05,34.02,99,100,4.99
26,Troyes,FR,2021-11-25 15:37:50,48.3333,4.0833,41.77,75,20,3.44
27,Dubrovnik,HR,2021-11-25 15:37:50,42.6481,18.0922,58.64,62,20,17.27
28,Vao,NC,2021-11-25 15:37:50,-22.6667,167.4833,73.72,86,100,15.3
29,Vanavara,RU,2021-11-25 15:37:51,60.34,102.2797,7.27,99,96,2.66
30,Hermanus,ZA,2021-11-25 15:37:51,-34.4187,19.2345,79.9,61,0,31.97
31,New Norfolk,AU,2021-11-25 15:37:52,-42.7826,147.0587,49.5,57,36,1.99
32,Pryozerne,UA,2021-11-25 15:37:52,45.2698,36.3303,38.93,62,0,11.43
33,Ocho Rios,JM,2021-11-25 15:37:53,18.4025,-77.1048,86.76,78,100,15.23
34,Stepnyak,KZ,2021-11-25 15:37:53,52.8339,70.7803,4.68,91,17,9.42
35,Shimoda,JP,2021-11-25 15:37:53,34.6667,138.95,54.1,64,2,28.39
36,Clarence Town,AU,2021-11-25 15:37:54,-32.5833,151.7833,72.34,96,92,1.43
37,Tiksi,RU,2021-11-25 15:37:54,71.6872,128.8694,-4.43,84,100,6.08
38,Bambous Virieux,MU,2021-11-25 15:37:55,-20.3428,57.7575,79.05,73,40,6.91
39,Rikitea,PF,2021-11-25 15:37:55,-23.1203,-134.9692,75.49,77,13,13.2
40,Seoul,KR,2021-11-25 15:34:01,37.5683,126.9778,38.64,54,0,9.22
41,Solnechnyy,RU,2021-11-25 15:37:56,50.7214,136.6319,24.13,95,100,6.55
42,Los Llanos De Aridane,ES,2021-11-25 15:37:56,28.6585,-17.9182,65.12,91,75,5.99
43,Savinka,RU,2021-11-25 15:37:57,50.0785,47.0994,31.12,80,96,12.28
44,Punta Arenas,CL,2021-11-25 15:35:28,-53.15,-70.9167,53.71,50,40,28.77
45,Bridlington,GB,2021-11-25 15:37:57,54.0831,-0.1919,42.98,71,93,19.98
46,Vinh,VN,2021-11-25 15:37:58,18.6667,105.6667,64.67,80,23,2.17
47,Port Hardy,CA,2021-11-25 15:37:59,50.6996,-127.4199,44.78,93,90,18.41
48,Provideniya,RU,2021-11-25 15:38:59,64.3833,-173.3,-0.78,82,57,7.18
49,Saint-Philippe,RE,2021-11-25 15:39:00,-21.3585,55.7679,80.19,82,61,4.92
50,Atuona,PF,2021-11-25 15:39:01,-9.8,-139.0333,78.37,80,33,17.72
51,Upernavik,GL,2021-11-25 15:39:01,72.7868,-56.1549,17.65,91,100,8.08
52,Ushuaia,AR,2021-11-25 15:37:37,-54.8,-68.3,47.86,61,40,6.91
53,Butaritari,KI,2021-11-25 15:39:02,3.0707,172.7902,82.18,73,51,15.73
54,Taltal,CL,2021-11-25 15:39:02,-25.4,-70.4833,66.13,66,19,7.23
55,Hobart,AU,2021-11-25 15:35:27,-42.8794,147.3294,49.86,64,78,3.0
56,Avarua,CK,2021-11-25 15:39:03,-21.2078,-159.775,73.45,94,20,4.61
57,Fairbanks,US,2021-11-25 15:39:03,64.8378,-147.7164,-13.9,71,1,0.0
58,Arraial Do Cabo,BR,2021-11-25 15:39:04,-22.9661,-42.0278,82.36,69,20,12.66
59,Fallon,US,2021-11-25 15:39:04,39.4735,-118.7774,17.47,79,1,3.44
60,Disna,BY,2021-11-25 15:39:05,55.568,28.1971,37.96,83,100,13.71
61,Port Hawkesbury,CA,2021-11-25 15:36:37,45.6169,-61.3485,54.01,100,90,5.01
62,Coihaique,CL,2021-11-25 15:39:05,-45.5752,-72.0662,56.01,47,75,11.5
63,Faya,SA,2021-11-25 15:39:06,18.3851,42.4509,64.51,63,21,6.33
64,Mar Del Plata,AR,2021-11-25 15:37:21,-38.0023,-57.5575,68.02,90,90,11.01
65,Vardo,NO,2021-11-25 15:39:06,70.3705,31.1107,17.35,79,0,20.71
66,Tuktoyaktuk,CA,2021-11-25 15:39:07,69.4541,-133.0374,-0.4,85,90,18.41
67,Sorland,NO,2021-11-25 15:39:07,67.667,12.6934,31.86,63,95,9.33
68,Grand Gaube,MU,2021-11-25 15:39:07,-20.0064,57.6608,79.2,69,1,1.01
69,Senftenberg,DE,2021-11-25 15:39:08,51.5167,14.0167,38.35,81,22,5.55
70,Cascais,PT,2021-11-25 15:35:59,38.6979,-9.4215,56.52,67,40,8.01
71,Norman Wells,CA,2021-11-25 15:39:08,65.282,-126.8329,-18.36,69,75,6.91
72,East London,ZA,2021-11-25 15:39:13,-33.0153,27.9116,65.34,72,20,16.11
73,Fortuna,US,2021-11-25 15:39:14,40.5982,-124.1573,38.32,93,1,10.36
74,Evensk,RU,2021-11-25 15:39:14,61.95,159.2333,-6.99,80,0,14.14
75,Kodiak,US,2021-11-25 15:39:14,57.79,-152.4072,18.91,49,1,16.11
76,Ilulissat,GL,2021-11-25 15:39:15,69.2167,-51.1,26.62,74,75,13.8
77,Sabang,ID,2021-11-25 15:39:15,5.8933,95.3214,80.58,78,100,7.83
78,Acapulco,MX,2021-11-25 15:39:16,16.8634,-99.8901,78.62,78,1,5.75
79,Lavrentiya,RU,2021-11-25 15:39:16,65.5833,-171.0,-4.92,93,3,9.57
80,Albany,US,2021-11-25 15:34:44,42.6001,-73.9662,44.73,70,96,1.32
81,Bhuj,IN,2021-11-25 15:39:17,23.2667,69.6667,77.11,45,0,2.51
82,Lompoc,US,2021-11-25 15:39:17,34.6391,-120.4579,67.14,67,1,8.05
83,Puerto Ayora,EC,2021-11-25 15:39:18,-0.7393,-90.3518,78.76,87,57,7.0
84,Belaya Gora,RU,2021-11-25 15:39:18,68.5333,146.4167,-36.2,100,32,1.83
85,Kaitangata,NZ,2021-11-25 15:39:18,-46.2817,169.8464,57.25,53,100,6.96
86,Krasnoselkup,RU,2021-11-25 15:39:19,65.7,82.4667,0.7,95,99,12.24
87,Mackay,AU,2021-11-25 15:39:19,-21.15,149.2,75.18,94,90,4.61
88,Skjervoy,NO,2021-11-25 15:39:20,70.0311,20.9714,26.78,49,100,12.15
89,Hasaki,JP,2021-11-25 15:39:20,35.7333,140.8333,44.89,55,0,11.07
90,Cape Town,ZA,2021-11-25 15:38:07,-33.9258,18.4232,83.1,34,0,23.02
91,Cicero Dantas,BR,2021-11-25 15:39:21,-10.6,-38.3833,83.44,57,89,13.38
92,Shingu,JP,2021-11-25 15:39:21,33.7333,135.9833,53.92,68,1,8.93
93,Thompson,CA,2021-11-25 15:36:07,55.7435,-97.8558,-23.64,76,1,0.0
94,Lata,PT,2021-11-25 15:40:22,40.1629,-8.3327,50.04,84,100,1.03
95,Kahului,US,2021-11-25 15:40:23,20.8947,-156.47,76.84,80,1,6.91
96,Noumea,NC,2021-11-25 15:40:23,-22.2763,166.4572,78.01,99,98,9.98
97,Panambi,BR,2021-11-25 15:40:23,-28.2925,-53.5017,92.03,36,100,15.75
98,Taoudenni,ML,2021-11-25 15:40:24,22.6783,-3.9836,89.29,22,14,13.6
99,Nemuro,JP,2021-11-25 15:40:24,43.3236,145.575,36.32,66,11,11.27
100,Cidreira,BR,2021-11-25 15:40:25,-30.1811,-50.2056,75.52,72,32,18.52
101,Jacareacanga,BR,2021-11-25 15:40:25,-6.2222,-57.7528,93.54,47,98,3.53
102,Mahajanga,MG,2021-11-25 15:40:25,-15.7167,46.3167,82.42,83,40,13.8
103,Airai,TL,2021-11-25 15:40:01,-8.9266,125.4092,62.31,94,78,1.79
104,Zamora,EC,2021-11-25 15:40:26,-4.0692,-78.9567,76.24,76,100,4.18
105,Oranjemund,NA,2021-11-25 15:40:26,-28.55,16.4333,66.6,74,44,11.61
106,Chuy,UY,2021-11-25 15:40:27,-33.6971,-53.4616,78.87,48,100,11.21
107,Mayumba,GA,2021-11-25 15:40:27,-3.432,10.6554,78.64,82,93,9.19
108,Baruun-Urt,MN,2021-11-25 15:40:28,46.6806,113.2792,10.36,84,7,5.14
109,Katsuura,JP,2021-11-25 15:40:28,35.1333,140.3,61.2,60,0,25.12
110,Porto Novo,BJ,2021-11-25 15:40:28,6.4965,2.6036,89.42,72,48,9.35
111,Alyangula,AU,2021-11-25 15:40:29,-13.8483,136.4192,80.47,94,100,5.75
112,Port-Gentil,GA,2021-11-25 15:40:29,-0.7193,8.7815,84.16,74,20,12.66
113,Emba,KZ,2021-11-25 15:40:30,48.8264,58.1442,16.0,76,81,11.25
114,Provost,CA,2021-11-25 15:40:30,52.3501,-110.2683,24.22,89,100,6.24
115,Geraldton,AU,2021-11-25 15:40:30,-28.7667,114.6,66.61,77,0,6.91
116,Ribeira Grande,PT,2021-11-25 15:40:31,38.5167,-28.7,66.6,63,40,26.46
117,Kavieng,PG,2021-11-25 15:40:32,-2.5744,150.7967,82.04,73,7,6.78
118,Novikovo,RU,2021-11-25 15:40:32,51.1537,37.8879,32.85,82,99,9.4
119,Baykit,RU,2021-11-25 15:40:33,61.67,96.37,0.97,100,99,1.54
120,Nazas,MX,2021-11-25 15:40:33,25.2333,-104.1333,65.64,30,47,3.06
121,Nago,JP,2021-11-25 15:40:34,26.5881,127.9761,68.16,68,100,7.16
122,Broken Hill,AU,2021-11-25 15:40:34,-31.95,141.4333,62.31,88,90,19.57
123,Nome,US,2021-11-25 15:40:34,64.5011,-165.4064,-11.13,70,1,5.75
124,Kapaa,US,2021-11-25 15:40:35,22.0752,-159.319,75.52,74,20,11.5
125,Moses Lake,US,2021-11-25 15:40:35,47.1301,-119.2781,38.28,93,75,5.75
126,Cape Girardeau,US,2021-11-25 15:40:36,37.3834,-89.7168,53.08,94,100,8.99
127,Lisakovsk,KZ,2021-11-25 15:40:36,52.5369,62.4936,14.47,80,100,14.92
128,Takoradi,GH,2021-11-25 15:40:37,4.8845,-1.7554,84.88,66,31,9.89
129,Dikson,RU,2021-11-25 15:40:37,73.5069,80.5464,0.88,92,100,5.61
130,Guangshui,CN,2021-11-25 15:40:38,31.6199,113.9978,52.65,50,0,0.31
131,Margate,GB,2021-11-25 15:40:38,51.3813,1.3862,44.89,78,24,4.0
132,Matamoros,MX,2021-11-25 15:40:38,25.5333,-103.25,68.11,28,49,4.74
133,Clyde River,CA,2021-11-25 15:40:39,70.4692,-68.5914,2.08,97,100,3.53
134,North Bend,US,2021-11-25 15:40:39,43.4065,-124.2243,40.86,93,1,8.05
135,Yellowknife,CA,2021-11-25 15:40:40,62.456,-114.3525,6.42,91,75,5.01
136,Komsomolskiy,UZ,2021-11-25 15:40:40,40.4272,71.7189,47.12,53,100,6.91
137,Carnarvon,AU,2021-11-25 15:40:40,-24.8667,113.6333,78.87,41,0,14.97
138,Petropavlovsk-Kamchatskiy,RU,2021-11-25 15:40:41,53.0452,158.6483,34.39,69,75,4.47
139,Luderitz,NA,2021-11-25 15:41:42,-26.6481,15.1594,66.15,74,55,10.89
140,Natal,BR,2021-11-25 15:37:16,-5.795,-35.2094,89.82,58,40,13.8
141,Kavaratti,IN,2021-11-25 15:41:42,10.5669,72.642,82.6,77,100,5.61
142,Kruisfontein,ZA,2021-11-25 15:41:43,-34.0033,24.7314,63.88,61,66,20.74
143,Amahai,ID,2021-11-25 15:41:43,-3.3333,128.9167,80.02,84,99,3.8
144,Henties Bay,NA,2021-11-25 15:41:44,-22.116,14.2845,63.95,78,0,8.03
145,Aliwal North,ZA,2021-11-25 15:41:44,-30.6937,26.7114,69.93,32,90,14.27
146,Pevek,RU,2021-11-25 15:41:45,69.7008,170.3133,-10.88,99,100,1.97
147,Turukhansk,RU,2021-11-25 15:41:45,65.8167,87.9833,3.54,95,100,8.81
148,Avera,US,2021-11-25 15:39:24,33.194,-82.5271,55.71,43,98,5.84
149,Mehamn,NO,2021-11-25 15:41:45,71.0357,27.8492,24.98,84,100,8.86
150,Emmett,US,2021-11-25 15:41:46,43.8735,-116.4993,33.87,78,49,8.01
151,Ahuimanu,US,2021-11-25 15:41:46,21.4447,-157.8378,74.91,82,75,9.22
152,Tubmanburg,LR,2021-11-25 15:41:47,6.8708,-10.8172,91.78,44,33,4.52
153,Tual,ID,2021-11-25 15:41:47,-5.6667,132.75,84.31,73,38,8.21
154,Hambantota,LK,2021-11-25 15:41:00,6.1241,81.1185,77.34,100,40,3.44
155,Dakar,SN,2021-11-25 15:41:24,14.6937,-17.4441,97.68,70,0,4.61
156,Goderich,CA,2021-11-25 15:41:48,43.7501,-81.7165,44.92,87,100,4.61
157,Marsh Harbour,BS,2021-11-25 15:41:48,26.5412,-77.0636,72.81,66,34,17.72
158,Deputatskiy,RU,2021-11-25 15:41:49,69.3,139.9,-25.38,86,80,1.25
159,Sitka,US,2021-11-25 15:41:49,57.0531,-135.33,46.29,87,90,9.22
160,La Rioja,ES,2021-11-25 15:37:25,42.25,-2.5,39.04,99,100,5.66
161,Saskylakh,RU,2021-11-25 15:41:50,71.9167,114.0833,-0.56,89,100,11.65
162,Vaini,TO,2021-11-25 15:41:50,-21.2,-175.2,73.56,94,75,4.61
163,Changli,CN,2021-11-25 15:41:50,39.7042,119.1506,38.1,48,0,4.54
164,Ikalamavony,MG,2021-11-25 15:41:51,-21.15,46.5833,81.9,44,88,3.42
165,Kollam,IN,2021-11-25 15:41:51,8.8833,76.6,75.07,94,100,7.09
166,Loreto,MX,2021-11-25 15:41:52,22.2667,-101.9667,61.3,30,7,4.97
167,Antalaha,MG,2021-11-25 15:41:52,-14.9003,50.2788,76.19,77,12,4.32
168,Bathsheba,BB,2021-11-25 15:41:53,13.2167,-59.5167,83.01,100,20,11.5
169,Kachiry,KZ,2021-11-25 15:41:53,53.0675,76.1036,2.75,96,52,9.42
170,Saint George,US,2021-11-25 15:38:34,37.1041,-113.5841,40.35,45,1,1.99
171,Saint-Georges,GD,2021-11-25 15:41:54,12.0564,-61.7485,85.68,74,75,2.3
172,Naze,JP,2021-11-25 15:41:54,28.3667,129.4833,60.15,63,100,5.95
173,Oxelosund,SE,2021-11-25 15:41:55,58.6706,17.1015,38.52,91,75,5.75
174,Gorban,RO,2021-11-25 15:41:55,46.8761,28.0789,43.99,66,1,15.7
175,Luwuk,ID,2021-11-25 15:41:56,-0.9516,122.7875,78.44,86,100,2.15
176,Cherskiy,RU,2021-11-25 15:41:56,68.75,161.3,-21.26,100,100,2.71
177,Rapid Valley,US,2021-11-25 15:41:56,44.0625,-103.1463,40.96,76,1,5.75
178,Pombas,CV,2021-11-25 15:41:57,17.1503,-25.0201,80.38,79,65,12.35
179,Samarai,PG,2021-11-25 15:41:57,-10.6167,150.6667,82.71,79,79,11.72
180,Barrow,US,2021-11-25 15:41:58,71.2906,-156.7887,-9.38,77,1,17.27
181,Biltine,TD,2021-11-25 15:41:58,14.5333,20.9167,85.82,10,5,9.46
182,Kyshtovka,RU,2021-11-25 15:41:58,56.555,76.6271,-2.94,99,73,6.22
183,Dreux,FR,2021-11-25 15:41:59,48.6667,1.25,42.87,93,74,10.67
184,Mount Gambier,AU,2021-11-25 15:41:59,-37.8333,140.7667,53.51,76,90,18.41
185,Hobyo,SO,2021-11-25 15:43:00,5.3505,48.5268,82.24,78,21,14.5
186,Qaanaaq,GL,2021-11-25 15:43:00,77.484,-69.3632,-4.5,58,13,5.7
187,Wanaka,NZ,2021-11-25 15:43:01,-44.7,169.15,51.57,78,100,8.12
188,Tasiilaq,GL,2021-11-25 15:43:01,65.6145,-37.6368,32.16,55,3,14.34
189,Broome,US,2021-11-25 15:43:02,42.2506,-75.833,42.53,69,90,1.01
190,Flinders,AU,2021-11-25 15:43:02,-34.5833,150.8552,66.18,87,100,7.0
191,Dobarlau,RO,2021-11-25 15:43:03,45.7333,25.8833,33.46,85,1,6.13
192,Pangai,TO,2021-11-25 15:43:03,-19.8,-174.35,80.8,69,92,6.82
193,Homer,US,2021-11-25 15:43:03,59.6425,-151.5483,19.29,88,90,18.41
194,San Juan De Los Lagos,MX,2021-11-25 15:43:04,21.25,-102.3,63.12,32,6,0.36
195,Mitsamiouli,KM,2021-11-25 15:43:04,-11.3847,43.2844,86.29,58,20,11.5
196,San Pedro De Macoris,DO,2021-11-25 15:43:05,18.4616,-69.2972,84.81,64,11,13.78
197,Nurota,UZ,2021-11-25 15:43:05,40.5614,65.6886,44.69,71,98,10.18
198,Sao Filipe,CV,2021-11-25 15:43:06,14.8961,-24.4956,78.57,73,100,8.21
199,Panuco,MX,2021-11-25 15:43:06,22.05,-98.1667,79.03,73,50,6.6
200,Castro,BR,2021-11-25 15:43:07,-24.7911,-50.0119,80.15,47,77,8.46
201,Cabo San Lucas,MX,2021-11-25 15:42:11,22.8909,-109.9124,75.51,73,75,8.05
202,Gat,IL,2021-11-25 15:43:07,31.61,34.7642,68.68,100,2,5.57
203,Sinnamary,GF,2021-11-25 15:43:08,5.3833,-52.95,82.92,73,87,4.81
204,Along,IN,2021-11-25 15:43:08,28.1667,94.7667,56.46,74,54,2.24
205,Port Augusta,AU,2021-11-25 15:43:08,-32.5,137.7667,60.94,72,0,22.39
206,Vuktyl,RU,2021-11-25 15:43:09,63.8567,57.3094,9.99,94,100,8.81
207,Batemans Bay,AU,2021-11-25 15:43:09,-35.7167,150.1833,66.2,95,100,7.61
208,Salalah,OM,2021-11-25 15:43:10,17.0151,54.0924,84.29,45,0,1.14
209,El Carmen,CO,2021-11-25 15:43:10,8.5106,-73.4478,77.32,74,70,1.92
210,Rawson,AR,2021-11-25 15:43:11,-43.3002,-65.1023,76.01,22,15,22.73
211,Yazman,PK,2021-11-25 15:43:11,29.1212,71.7446,72.05,17,0,7.11
212,Ponta Do Sol,PT,2021-11-25 15:43:12,32.6667,-17.1,68.72,61,89,3.67
213,San Patricio,US,2021-11-25 15:43:12,28.017,-97.5169,76.89,69,90,8.05
214,Porto Torres,IT,2021-11-25 15:43:13,40.835,8.3972,53.78,84,62,11.97
215,San Jose,US,2021-11-25 15:43:13,37.3394,-121.895,57.58,54,75,3.44
216,Kirakira,SB,2021-11-25 15:43:13,-10.4544,161.9205,79.43,81,98,6.98
217,Taveta,KE,2021-11-25 15:43:14,-3.3963,37.6736,92.79,76,91,9.48
218,Qasigiannguit,GL,2021-11-25 15:43:14,68.8193,-51.1922,26.85,83,100,7.45
219,Moree,AU,2021-11-25 15:43:15,-29.4667,149.85,69.82,94,90,9.22
220,Bethel,US,2021-11-25 15:43:15,41.3712,-73.414,50.49,55,90,6.91
221,Yazykovo,RU,2021-11-25 15:43:16,55.2199,56.1353,20.62,96,100,11.18
222,Berea,US,2021-11-25 15:43:16,41.3662,-81.8543,47.17,86,90,3.0
223,Bilma,NE,2021-11-25 15:43:17,18.6853,12.9164,86.97,13,0,6.62
224,Barra Patuca,HN,2021-11-25 15:43:17,15.8,-84.2833,79.7,78,80,9.62
225,Leningradskiy,RU,2021-11-25 15:43:18,69.3833,178.4167,-20.31,97,100,6.13
226,Suntar,RU,2021-11-25 15:43:18,62.1444,117.6319,0.52,99,95,3.8
227,Terrace,CA,2021-11-25 15:43:19,54.5163,-128.6035,37.31,100,90,8.05
228,Cayenne,GF,2021-11-25 15:43:19,4.9333,-52.3333,86.04,82,75,1.01
229,Grand-Santi,GF,2021-11-25 15:43:19,4.25,-54.3833,92.73,45,79,1.97
230,Ust-Tsilma,RU,2021-11-25 15:43:20,65.441,52.1498,5.86,99,92,3.71
231,Toronto,CA,2021-11-25 15:40:01,43.7001,-79.4163,46.15,93,90,1.01
232,Mehran,IR,2021-11-25 15:44:21,33.1222,46.1646,65.68,40,98,1.68
233,Khilok,RU,2021-11-25 15:44:21,51.3674,110.4676,10.42,91,83,3.83
234,Nizhniy Odes,RU,2021-11-25 15:44:21,63.6445,54.856,11.55,95,100,7.25
235,Bengkulu,ID,2021-11-25 15:44:22,-3.8004,102.2655,77.02,85,51,3.78
236,Lensk,RU,2021-11-25 15:44:22,60.7253,114.9278,0.19,100,89,3.51
237,Ambilobe,MG,2021-11-25 15:44:23,-13.2,49.05,79.86,76,83,5.46
238,Faanui,PF,2021-11-25 15:44:23,-16.4833,-151.75,81.07,78,18,15.41
239,Coquimbo,CL,2021-11-25 15:44:24,-29.9533,-71.3436,64.13,67,75,13.8
240,Zyryanka,RU,2021-11-25 15:44:24,65.75,150.85,-27.72,98,30,7.49
241,Dargaville,NZ,2021-11-25 15:44:25,-35.9333,173.8833,55.83,94,12,2.46
242,San Juan,AR,2021-11-25 15:40:37,-31.5375,-68.5364,84.94,23,0,6.02
243,Biloela,AU,2021-11-25 15:44:25,-24.4167,150.5,70.74,93,100,4.54
244,Khatanga,RU,2021-11-25 15:44:26,71.9667,102.5,-7.56,99,95,3.13
245,Meulaboh,ID,2021-11-25 15:44:26,4.1363,96.1285,78.28,84,100,3.65
246,Leninsk-Kuznetskiy,RU,2021-11-25 15:44:27,54.6567,86.1737,19.71,98,100,9.42
247,Marawi,PH,2021-11-25 15:40:23,7.9986,124.2928,67.64,94,73,1.72
248,Ormara,PK,2021-11-25 15:44:27,25.2088,64.6357,77.65,70,0,4.23
249,Olafsvik,IS,2021-11-25 15:44:28,64.8945,-23.7142,38.48,72,51,19.93
250,Chokurdakh,RU,2021-11-25 15:44:28,70.6333,147.9167,-31.09,100,40,5.35
251,San Policarpo,PH,2021-11-25 15:44:29,12.1791,125.5072,81.39,80,100,3.67
252,Garoua,CM,2021-11-25 15:44:29,9.3,13.4,94.64,13,8,3.47
253,Eyrarbakki,IS,2021-11-25 15:44:30,63.863,-21.1481,42.04,84,94,26.26
254,Manokwari,ID,2021-11-25 15:44:30,-0.8667,134.0833,78.94,81,61,2.73
255,Tilichiki,RU,2021-11-25 15:44:30,60.4667,166.1,10.17,96,100,8.43
256,Tommot,RU,2021-11-25 15:44:31,58.9564,126.2925,-13.4,99,46,1.52
257,Knysna,ZA,2021-11-25 15:44:31,-34.0363,23.0471,66.58,65,1,20.98
258,Gizo,SB,2021-11-25 15:44:32,-8.103,156.8419,82.18,74,44,2.73
259,Quesnel,CA,2021-11-25 15:44:32,52.9999,-122.5029,39.7,70,90,10.36
260,Foumban,CM,2021-11-25 15:44:33,5.7291,10.9001,77.04,49,46,0.78
261,Ostrovnoy,RU,2021-11-25 15:44:33,68.0531,39.5131,11.77,77,81,3.36
262,Abu Samrah,SY,2021-11-25 15:44:33,35.3029,37.1841,60.17,68,96,7.67
263,Antigonish,CA,2021-11-25 15:44:34,45.6169,-61.9986,53.13,97,100,7.0
264,Vila Do Maio,CV,2021-11-25 15:44:34,15.1333,-23.2167,84.99,73,100,7.94
265,Kaeo,NZ,2021-11-25 15:44:35,-35.1,173.7833,59.32,93,30,1.92
266,Touros,BR,2021-11-25 15:44:35,-5.1989,-35.4608,88.7,55,61,14.29
267,Lakes Entrance,AU,2021-11-25 15:44:35,-37.8811,147.981,55.58,95,100,8.21
268,Iqaluit,CA,2021-11-25 15:44:36,63.7506,-68.5145,26.33,68,90,18.99
269,Ornskoldsvik,SE,2021-11-25 15:44:36,63.2909,18.7153,27.55,100,90,0.0
270,Hualmay,PE,2021-11-25 15:44:37,-11.0964,-77.6139,70.2,76,80,9.06
271,Pitea,SE,2021-11-25 15:44:37,65.3172,21.4794,15.1,78,100,9.78
272,Poum,NC,2021-11-25 15:44:38,-20.2333,164.0167,76.84,73,1,4.99
273,Payson,US,2021-11-25 15:44:38,40.0444,-111.7321,34.39,86,1,4.61
274,Gorontalo,ID,2021-11-25 15:44:38,0.5412,123.0595,75.92,95,100,3.49
275,Sembe,CG,2021-11-25 15:44:39,1.6481,14.5806,84.54,56,73,1.81
276,Parabel,RU,2021-11-25 15:45:39,58.6978,81.4825,6.19,96,83,5.48
277,Yar-Sale,RU,2021-11-25 15:45:40,66.8333,70.8333,8.65,94,100,7.81
278,Brae,GB,2021-11-25 15:45:40,60.3964,-1.353,37.31,82,100,7.67
279,Galesong,ID,2021-11-25 15:45:41,-5.3166,119.3661,78.82,80,96,4.88
280,Walvis Bay,NA,2021-11-25 15:45:41,-22.9575,14.5053,65.35,68,40,9.22
281,Trojan,PL,2021-11-25 15:45:41,53.7897,20.2404,37.69,66,52,8.43
282,Waipawa,NZ,2021-11-25 15:45:42,-41.4122,175.5153,57.04,72,30,13.11
283,Sikeston,US,2021-11-25 15:41:54,36.8767,-89.5879,55.29,100,90,4.61
284,Bafq,IR,2021-11-25 15:45:42,31.6128,55.4107,62.31,31,6,4.5
285,Udachnyy,RU,2021-11-25 15:45:43,66.4167,112.4,-19.59,100,57,5.95
286,Bubaque,GW,2021-11-25 15:45:43,11.2833,-15.8333,82.94,74,99,11.41
287,Saldanha,ZA,2021-11-25 15:45:44,-33.0117,17.9442,75.02,44,1,16.67
288,Ahipara,NZ,2021-11-25 15:45:44,-35.1667,173.1667,57.24,89,43,2.28
289,Lotofaga,WS,2021-11-25 15:45:45,-13.9764,-171.8578,74.98,78,39,14.65
290,Esperance,AU,2021-11-25 15:45:45,-33.8667,121.9,57.04,77,100,10.36
291,Lebu,CL,2021-11-25 15:45:46,-37.6167,-73.65,61.9,68,3,9.33
292,Mangaluru,IN,2021-11-25 15:45:46,12.8667,74.8833,81.46,83,75,0.0
293,Ulladulla,AU,2021-11-25 15:45:47,-35.35,150.4667,62.76,94,100,13.27
294,Taldan,RU,2021-11-25 15:45:47,53.6667,124.8,6.12,87,79,3.24
295,Sioux Lookout,CA,2021-11-25 15:42:50,50.1001,-91.917,5.07,78,20,12.66
296,Hamina,FI,2021-11-25 15:45:48,60.5697,27.1979,38.48,86,100,13.29
297,Sabzevar,IR,2021-11-25 15:45:48,36.2126,57.6819,52.88,40,0,9.22
298,Moncton,CA,2021-11-25 15:40:53,46.1159,-64.8019,34.39,93,90,9.22
299,Klyuchi,RU,2021-11-25 15:45:49,52.2667,79.1667,17.96,93,100,14.79
300,Canico,PT,2021-11-25 15:45:49,32.6333,-16.85,68.72,70,40,5.75
301,Tigre,AR,2021-11-25 15:45:50,-34.426,-58.5796,67.23,91,90,10.36
302,Northam,GB,2021-11-25 15:45:50,51.0333,-4.2167,46.62,69,79,11.59
303,Nacajuca,MX,2021-11-25 15:45:50,18.1333,-93.0167,77.02,78,9,7.31
304,Crateus,BR,2021-11-25 15:45:51,-5.1783,-40.6775,97.86,27,99,9.89
305,Erenhot,CN,2021-11-25 15:45:09,43.6475,111.9767,22.98,63,0,4.5
306,Inhambane,MZ,2021-11-25 15:45:52,-23.865,35.3833,78.78,54,75,11.99
307,Porto Santo,PT,2021-11-25 15:45:52,33.072,-16.3415,66.31,59,20,10.36
308,Hithadhoo,MV,2021-11-25 15:45:53,-0.6,73.0833,82.09,70,77,15.3
309,Muros,ES,2021-11-25 15:45:53,42.7762,-9.0603,56.08,62,52,15.66
310,Olhao,PT,2021-11-25 15:45:54,37.0286,-7.8411,53.49,87,40,11.5
311,Paamiut,GL,2021-11-25 15:45:54,61.994,-49.6678,32.95,96,100,2.84
312,Ancud,CL,2021-11-25 15:45:54,-41.8697,-73.8203,53.13,68,78,7.61
313,Doba,TD,2021-11-25 15:45:55,8.65,16.85,89.92,19,26,2.17
314,Port Elizabeth,ZA,2021-11-25 15:45:56,-33.918,25.5701,68.29,60,20,20.71
315,Maceio,BR,2021-11-25 15:45:57,-9.6658,-35.7353,92.64,52,40,13.8
316,Vestmannaeyjar,IS,2021-11-25 15:45:58,63.4427,-20.2734,41.99,87,90,13.8
317,Muzhi,RU,2021-11-25 15:45:58,65.3667,64.6667,4.8,89,99,5.21
318,Micheweni,TZ,2021-11-25 15:45:58,-4.9667,39.8333,81.66,80,49,11.77
319,Suruc,TR,2021-11-25 15:45:59,36.9761,38.425,53.8,73,100,9.46
320,Severnoye,RU,2021-11-25 15:46:00,56.3491,78.3619,-4.11,100,90,5.84
321,Adrar,MR,2021-11-25 15:47:00,20.5022,-10.0711,89.31,20,77,5.86
322,Hami,CN,2021-11-25 15:47:01,42.8,93.45,28.06,63,12,4.27
323,Umm Kaddadah,SD,2021-11-25 15:47:01,13.6017,26.6876,78.01,12,4,11.68
324,Kamina,CD,2021-11-25 15:47:02,-8.7386,24.9906,70.03,82,76,4.03
325,Oktyabrskoye,RU,2021-11-25 15:47:02,43.0645,44.7417,30.34,92,90,4.47
326,Alofi,NU,2021-11-25 15:47:03,-19.0595,-169.9187,69.69,94,32,1.14
327,Belyy Yar,RU,2021-11-25 15:47:03,53.6039,91.3903,26.85,78,100,6.71
328,Trairi,BR,2021-11-25 15:44:22,-3.2778,-39.2689,89.6,51,99,15.48
329,Alugan,PH,2021-11-25 15:47:04,12.2188,125.4808,80.83,82,100,3.65
330,Umarkhed,IN,2021-11-25 15:47:04,19.6,77.7,73.9,58,96,3.24
331,Isangel,VU,2021-11-25 15:47:05,-19.55,169.2667,73.51,88,75,0.0
332,Hokitika,NZ,2021-11-25 15:47:05,-42.7167,170.9667,55.9,83,100,2.86
333,Bouna,CI,2021-11-25 15:47:06,9.2667,-3.0,99.18,13,5,8.5
334,Manggar,ID,2021-11-25 15:47:06,-2.8833,108.2667,79.86,81,56,2.44
335,Kano,NG,2021-11-25 15:46:52,12.0001,8.5167,94.89,16,0,9.22
336,Bundibugyo,UG,2021-11-25 15:47:07,0.7414,30.0417,72.21,76,99,2.35
337,Abu Zabad,SD,2021-11-25 15:47:07,12.35,29.25,81.37,15,9,10.13
338,Areka,ET,2021-11-25 15:47:08,7.0667,37.7,67.19,47,87,4.81
339,Kidal,ML,2021-11-25 15:47:08,18.4411,1.4078,91.98,14,66,6.17
340,Farafangana,MG,2021-11-25 15:47:09,-22.8167,47.8333,73.24,80,100,15.64
341,Sechenovo,RU,2021-11-25 15:47:09,55.2244,45.8906,18.64,95,24,7.43
342,Tete,MZ,2021-11-25 15:47:10,-16.1564,33.5867,78.89,73,75,8.01
343,Half Moon Bay,US,2021-11-25 15:44:01,37.4636,-122.4286,57.61,58,1,3.44
344,Alamos,MX,2021-11-25 15:45:13,27.0167,-108.9333,68.94,63,6,1.92
345,Kedrovyy,RU,2021-11-25 15:47:10,56.1667,91.8167,21.61,97,100,4.5
346,Caravelas,BR,2021-11-25 15:47:11,-17.7125,-39.2481,82.11,54,37,8.79
347,Coolum Beach,AU,2021-11-25 15:47:11,-26.5333,153.1,76.1,96,100,6.42
348,Mafinga,TZ,2021-11-25 15:47:12,-7.25,35.0667,86.18,26,67,10.71
349,Victoria,HK,2021-11-25 15:46:36,22.2855,114.1577,69.78,69,4,4.0
350,Baturaja,ID,2021-11-25 15:47:12,-4.1333,104.1667,74.75,94,90,1.9
351,Ayia Galini,GR,2021-11-25 15:47:13,35.1,24.6833,60.39,75,77,3.22
352,San Francisco Del Mar,MX,2021-11-25 15:47:14,16.2333,-94.65,80.71,60,0,17.25
353,Fayaoue,NC,2021-11-25 15:47:14,-20.65,166.5333,77.04,75,43,14.03
354,Alta Floresta,BR,2021-11-25 15:47:15,-9.8756,-56.0861,85.82,74,75,4.61
355,Miraflores,MX,2021-11-25 15:47:15,19.2167,-98.8083,61.03,58,21,1.32
356,Codrington,AU,2021-11-25 15:47:15,-38.2667,141.9667,53.53,64,98,20.56
357,Yatou,CN,2021-11-25 15:47:16,37.15,122.3833,42.28,60,0,4.0
358,Roma,US,2021-11-25 15:42:48,43.2128,-75.4557,44.44,72,90,3.44
359,Itarema,BR,2021-11-25 15:47:17,-2.9248,-39.9167,89.91,53,89,17.78
360,Praia,CV,2021-11-25 15:45:10,14.9215,-23.5087,84.74,70,75,8.05
361,Hamilton,US,2021-11-25 15:47:17,39.1834,-84.5333,47.37,93,90,3.0
362,Coos Bay,US,2021-11-25 15:47:18,43.3665,-124.2179,40.93,93,1,8.05
363,Necochea,AR,2021-11-25 15:47:19,-38.5473,-58.7368,69.04,68,100,9.86
364,Luang Prabang,LA,2021-11-25 15:47:19,19.8856,102.1347,67.05,89,27,1.32
365,Hvide Sande,DK,2021-11-25 15:47:20,56.0045,8.1294,45.0,87,20,20.71
366,Ola,RU,2021-11-25 15:48:20,59.5833,151.2833,0.34,83,6,14.74
367,Arlit,NE,2021-11-25 15:48:21,18.7369,7.3853,91.74,11,1,6.55
368,Mahebourg,MU,2021-11-25 15:48:21,-20.4081,57.7,79.09,73,40,6.91
369,Gazli,UZ,2021-11-25 15:48:22,40.1333,63.45,43.93,47,100,13.94
370,Chumikan,RU,2021-11-25 15:48:22,54.7183,135.315,14.99,91,92,6.38
371,Shubarshi,KZ,2021-11-25 15:48:23,48.5872,57.1869,20.91,68,87,13.51
372,Tateyama,JP,2021-11-25 15:48:23,34.9833,139.8667,61.11,48,20,20.71
373,Las Vegas,US,2021-11-25 15:47:29,36.175,-115.1372,52.81,23,1,14.97
374,Amapa,BR,2021-11-25 15:48:24,1.0,-52.0,92.66,42,69,4.05
375,Grenfell,AU,2021-11-25 15:48:24,-33.9,148.1667,60.33,95,92,4.9
376,Linxia,CN,2021-11-25 15:48:25,35.6003,103.2064,33.58,33,13,2.08
377,Bandar-E Anzali,IR,2021-11-25 15:48:25,37.4727,49.4622,50.11,86,100,11.34
378,Vila Franca Do Campo,PT,2021-11-25 15:48:26,37.7167,-25.4333,65.19,69,99,17.85
379,Luganville,VU,2021-11-25 15:48:26,-15.5333,167.1667,77.2,85,27,11.16
380,Naryan-Mar,RU,2021-11-25 15:48:27,67.6713,53.087,2.77,98,100,5.66
381,Tupik,RU,2021-11-25 15:48:28,54.4253,119.9327,0.34,92,98,2.04
382,Gebre Guracha,ET,2021-11-25 15:48:28,9.8,38.4,59.56,47,86,4.72
383,Spassk-Ryazanskiy,RU,2021-11-25 15:48:29,54.4072,40.3806,36.34,93,100,11.92
384,Nizhniy Kuranakh,RU,2021-11-25 15:48:29,58.8353,125.4869,-11.92,98,65,2.21
385,Velez-Malaga,ES,2021-11-25 15:48:30,36.7726,-4.1005,65.8,47,7,8.3
386,Marathon,US,2021-11-25 15:48:30,44.9,-89.7668,30.18,79,90,1.01
387,Kota Bahru,MY,2021-11-25 15:48:31,6.1333,102.2386,75.15,94,20,0.0
388,Te Anau,NZ,2021-11-25 15:48:31,-45.4167,167.7167,52.07,90,100,7.43
389,Salym,RU,2021-11-25 15:48:31,60.0625,71.4789,2.43,97,87,5.55
390,San Cristobal,VE,2021-11-25 15:45:10,7.7669,-72.225,73.58,67,100,4.18
391,Sondrio,IT,2021-11-25 15:48:32,46.169,9.8692,47.77,84,100,2.98
392,Kenai,US,2021-11-25 15:46:29,60.5544,-151.2583,18.03,92,90,3.44
393,Opuwo,NA,2021-11-25 15:48:33,-18.0607,13.84,89.28,10,4,22.57
394,Husavik,IS,2021-11-25 15:48:33,66.0449,-17.3389,31.91,90,100,20.13
395,Lantana,US,2021-11-25 15:48:33,26.5867,-80.052,78.03,63,75,3.0
396,Gravata,BR,2021-11-25 15:48:34,-8.2011,-35.5647,92.1,31,96,13.38
397,Gravdal,NO,2021-11-25 15:48:35,68.1214,13.5031,24.69,63,40,3.44
398,Leh,IN,2021-11-25 15:48:35,34.1667,77.5833,19.24,74,28,3.69
399,Naruja,GE,2021-11-25 15:48:35,41.9069,41.9542,52.59,87,100,1.72
400,Kodinsk,RU,2021-11-25 15:48:36,58.6881,99.1844,9.3,100,100,3.06
401,Camacha,PT,2021-11-25 15:48:36,33.0833,-16.3333,63.54,59,20,10.36
402,Boyolangu,ID,2021-11-25 15:48:37,-8.1181,111.8935,77.22,88,99,2.66
403,Ihosy,MG,2021-11-25 15:48:37,-22.4,46.1167,73.81,60,99,8.55
404,Najran,SA,2021-11-25 15:48:37,17.4924,44.1277,74.05,32,0,6.78
405,Dingle,PH,2021-11-25 15:48:38,10.9995,122.6711,76.1,92,86,6.73
406,Hastiere,BE,2021-11-25 15:48:38,50.2167,4.8167,43.95,98,90,3.44
407,Nerchinskiy Zavod,RU,2021-11-25 15:48:39,51.3088,119.61,2.61,95,100,1.5
408,Hofn,IS,2021-11-25 15:48:39,64.2539,-15.2082,35.62,64,20,4.61
409,Fort Nelson,CA,2021-11-25 15:48:40,58.8053,-122.7002,-0.81,78,90,0.0
410,Asyut,EG,2021-11-25 15:49:40,27.181,31.1837,78.98,33,4,7.94
411,Sisimiut,GL,2021-11-25 15:49:41,66.9395,-53.6735,22.32,76,97,12.73
412,Nabire,ID,2021-11-25 15:49:41,-3.3667,135.4833,76.08,93,96,3.36
413,Souillac,MU,2021-11-25 15:49:41,-20.5167,57.5167,79.18,73,40,6.91
414,Tuatapere,NZ,2021-11-25 15:49:42,-46.1333,167.6833,55.71,75,94,9.62
415,Anzhero-Sudzhensk,RU,2021-11-25 15:49:42,56.081,86.0285,17.26,95,100,7.2
416,Akyab,MM,2021-11-25 15:49:43,20.15,92.9,78.69,63,0,8.14
417,Kamenka,RU,2021-11-25 15:49:43,51.3223,42.7678,33.75,83,100,9.78
418,Biak,ID,2021-11-25 15:49:44,-0.9131,122.8766,77.29,84,100,1.72
419,Glendive,US,2021-11-25 15:49:44,47.1053,-104.7125,26.96,93,40,8.05
420,Wlodawa,PL,2021-11-25 15:46:17,51.55,23.55,39.51,70,5,11.9
421,Talnakh,RU,2021-11-25 15:49:45,69.4865,88.3972,4.78,94,100,6.29
422,Kilimatinde,TZ,2021-11-25 15:49:45,-5.85,34.95,87.15,24,86,8.75
423,Flin Flon,CA,2021-11-25 15:49:45,54.7682,-101.865,3.04,85,90,10.36
424,Caramay,PH,2021-11-25 15:49:46,10.1815,119.236,78.39,88,100,2.71
425,San Rafael,AR,2021-11-25 15:49:46,-34.6177,-68.3301,79.84,25,0,7.23
426,Pisco,PE,2021-11-25 15:49:47,-13.7,-76.2167,71.02,77,0,8.05
427,Owerri,NG,2021-11-25 15:47:42,5.4833,7.0304,85.26,64,75,3.62
428,Two Rivers,US,2021-11-25 15:49:47,44.1539,-87.5693,35.33,93,90,11.01
429,Saint-Pierre,RE,2021-11-25 15:49:48,-21.3393,55.4781,80.28,75,90,2.3
430,Odweyne,SO,2021-11-25 15:49:48,9.4092,45.064,71.8,54,9,17.78
431,Kartaly,RU,2021-11-25 15:49:49,53.0522,60.6467,14.76,91,100,16.2
432,Vimperk,CZ,2021-11-25 15:49:49,49.0586,13.7829,33.01,71,57,2.01
433,Dicabisagan,PH,2021-11-25 15:49:49,17.0818,122.4157,75.02,97,100,5.55
434,Formosa Do Rio Preto,BR,2021-11-25 15:49:50,-11.0483,-45.1931,87.62,46,72,8.97
435,Ropczyce,PL,2021-11-25 15:49:50,50.0523,21.6089,41.83,74,3,15.28
436,Torbay,CA,2021-11-25 15:49:51,47.6666,-52.7314,51.28,99,90,17.27
437,Barra Do Bugres,BR,2021-11-25 15:49:51,-15.0725,-57.1811,90.37,55,100,3.51
438,Loding,NO,2021-11-25 15:49:52,67.3,14.75,19.31,84,20,1.01
439,Rocha,UY,2021-11-25 15:49:52,-34.4833,-54.3333,80.17,33,100,13.65
440,Chingirlau,KZ,2021-11-25 15:49:52,51.095,54.0814,24.4,86,100,19.28
441,Alekseyevsk,RU,2021-11-25 15:49:53,57.8406,108.3492,20.3,94,100,6.24
442,Sorong,ID,2021-11-25 15:49:53,-0.8833,131.25,80.4,82,87,6.24
443,Guerrero Negro,MX,2021-11-25 15:45:18,27.9769,-114.0611,66.34,68,7,4.09
444,Maragogi,BR,2021-11-25 15:49:54,-9.0122,-35.2225,85.48,62,40,13.2
445,Champerico,GT,2021-11-25 15:49:54,14.3,-91.9167,88.75,66,29,4.12
446,Morgan City,US,2021-11-25 15:49:55,29.6994,-91.2068,74.01,73,1,9.22
447,Harper,LR,2021-11-25 15:49:55,4.375,-7.7169,84.4,67,34,11.12
448,Ust-Kuyga,RU,2021-11-25 15:49:56,70.0167,135.6,-21.59,95,97,8.59
449,Anadyr,RU,2021-11-25 15:49:56,64.75,177.4833,-17.9,76,75,6.71
450,Kibre Mengist,ET,2021-11-25 15:49:56,5.8833,38.9833,66.34,51,65,1.92
451,Vilhena,BR,2021-11-25 15:49:57,-12.7406,-60.1458,82.62,65,75,11.5
452,Batagay-Alyta,RU,2021-11-25 15:49:57,67.8006,130.4114,-19.62,84,100,1.88
453,Westerland,DE,2021-11-25 15:49:58,54.9079,8.3033,46.42,71,40,23.02
454,Zimovniki,RU,2021-11-25 15:49:58,47.1483,42.4633,28.81,53,0,2.57
455,Waitati,NZ,2021-11-25 15:49:59,-45.75,170.5667,57.18,49,100,3.69
456,Lithgow,AU,2021-11-25 15:49:59,-33.4833,150.15,58.08,99,94,2.33
457,Shenjiamen,CN,2021-11-25 15:50:00,29.9576,122.298,55.49,52,0,1.86
458,Vostok,RU,2021-11-25 15:51:00,46.4856,135.8833,10.26,97,100,3.89
459,Angoche,MZ,2021-11-25 15:51:01,-16.2325,39.9086,79.34,81,72,9.75
460,Winnemucca,US,2021-11-25 15:51:01,40.973,-117.7357,35.78,34,31,3.47
461,Aykhal,RU,2021-11-25 15:51:02,66.0,111.5,-14.82,100,100,7.4
462,Cabedelo,BR,2021-11-25 15:47:43,-6.9811,-34.8339,90.27,64,67,12.12
463,Aras,ES,2021-11-25 15:51:02,42.5617,-2.356,41.41,90,75,11.5
464,Pilar,BR,2021-11-25 15:47:06,-9.5972,-35.9567,91.33,43,38,14.32
465,Portland,US,2021-11-25 15:49:29,45.5234,-122.6762,44.94,94,75,1.99
466,Yaan,NG,2021-11-25 15:51:03,7.3833,8.5667,95.5,27,28,5.06
467,Ponta Delgada,PT,2021-11-25 15:46:40,37.7333,-25.6667,65.5,59,20,17.27
468,Yenagoa,NG,2021-11-25 15:51:04,4.9247,6.2642,84.42,72,72,5.79
469,Nong Chik,TH,2021-11-25 15:51:04,6.8436,101.178,75.2,90,100,3.71
470,Tautira,PF,2021-11-25 15:51:05,-17.7333,-149.15,77.02,75,40,15.41
471,Prince Rupert,CA,2021-11-25 15:51:05,54.3161,-130.3201,51.49,76,90,16.11
472,Evansville,US,2021-11-25 15:51:05,37.9748,-87.5558,50.22,95,90,1.99
473,Aksu,CN,2021-11-25 15:51:06,41.1231,80.2644,32.68,43,8,0.36
474,Yerbogachen,RU,2021-11-25 15:51:06,61.2767,108.0108,9.84,97,99,4.59
475,Newtonmore,GB,2021-11-25 15:51:07,57.066,-4.1192,37.02,90,100,7.25
476,San Andres,CO,2021-11-25 15:51:07,12.5847,-81.7006,84.22,79,40,9.22
477,Vanimo,PG,2021-11-25 15:51:08,-2.6741,141.3028,78.73,87,99,2.08
478,Montepuez,MZ,2021-11-25 15:51:08,-13.1256,38.9997,83.23,48,61,6.89
479,Maningrida,AU,2021-11-25 15:51:09,-12.0667,134.2667,81.16,74,100,2.13
480,Damaturu,NG,2021-11-25 15:51:09,11.747,11.9608,91.11,12,42,13.49
481,Berdigestyakh,RU,2021-11-25 15:51:09,62.0989,126.6992,-18.06,99,33,2.91
482,Berlevag,NO,2021-11-25 15:51:10,70.8578,29.0864,17.55,73,40,2.3
483,Ereymentau,KZ,2021-11-25 15:51:10,51.6199,73.1033,-3.37,100,92,7.67
484,Kautokeino,NO,2021-11-25 15:51:11,69.0125,23.0412,1.49,94,100,2.59
485,Minot,US,2021-11-25 15:50:27,48.2325,-101.2963,14.99,79,1,9.22
486,Lemon Tree Passage,AU,2021-11-25 15:51:11,-32.7327,152.036,71.83,96,93,2.39
487,Olinda,BR,2021-11-25 15:51:12,-8.0089,-34.8553,87.53,58,40,9.22
488,Kudahuvadhoo,MV,2021-11-25 15:50:19,2.6708,72.8944,81.37,70,85,14.03
489,Beidao,CN,2021-11-25 15:51:13,34.5686,105.8933,41.54,46,5,2.01
490,Yumen,CN,2021-11-25 15:51:13,40.2833,97.2,29.19,33,3,7.54
491,Yeniseysk,RU,2021-11-25 15:51:14,58.4497,92.1703,15.39,98,100,2.39
492,Concordia,AR,2021-11-25 15:51:01,-31.393,-58.0209,68.07,83,90,8.99
493,Jijiga,ET,2021-11-25 15:51:14,9.35,42.8,65.68,49,7,15.7
494,Mayo,US,2021-11-25 15:51:15,38.8876,-76.5119,49.41,56,100,4.0
495,Cartagena,CO,2021-11-25 15:49:18,10.3997,-75.5144,87.42,74,40,3.44
496,North Branch,US,2021-11-25 15:51:15,45.5113,-92.9802,20.39,29,26,14.03
497,Constitucion,CL,2021-11-25 15:51:16,-35.3333,-72.4167,67.39,61,5,13.76
498,Srednekolymsk,RU,2021-11-25 15:51:16,67.45,153.6833,-34.01,100,41,4.23
499,Laguna,US,2021-11-25 15:47:05,38.421,-121.4238,58.84,100,1,3.44
500,Gigmoto,PH,2021-11-25 15:51:17,13.7796,124.39,79.59,86,88,6.11
501,Deniliquin,AU,2021-11-25 15:51:17,-35.5333,144.9667,57.0,75,98,14.36
502,Lafiagi,NG,2021-11-25 15:51:17,8.8667,5.4167,97.97,21,61,5.68
503,Doctor Arroyo,MX,2021-11-25 15:51:18,23.6667,-100.1833,66.25,55,7,3.18
504,Bay Roberts,CA,2021-11-25 15:52:18,47.5999,-53.2648,52.05,95,100,4.0
505,Hay River,CA,2021-11-25 15:52:19,60.8156,-115.7999,6.78,78,90,8.05
506,Virtsu,EE,2021-11-25 15:52:19,58.5716,23.5115,42.98,93,100,26.37
507,Santa Isabel Do Rio Negro,BR,2021-11-25 15:52:19,-0.4139,-65.0192,95.47,44,30,1.48
508,Saint-Francois,FR,2021-11-25 15:52:20,46.4154,3.9054,41.47,92,90,4.61
509,Miandrivazo,MG,2021-11-25 15:52:20,-19.5167,45.4667,83.26,59,83,12.21
510,Biskamzha,RU,2021-11-25 15:52:21,53.4497,89.5272,36.09,99,100,8.79
511,Gunjur,GM,2021-11-25 15:52:21,13.2019,-16.7339,93.27,43,0,9.22
512,Svetlyy,RU,2021-11-25 15:52:21,54.675,20.1347,41.05,72,74,14.36
513,Tornio,FI,2021-11-25 15:52:22,65.8481,24.1466,10.42,90,99,7.09
514,Rabo De Peixe,PT,2021-11-25 15:49:34,37.8,-25.5833,64.27,93,20,17.27
515,Gloversville,US,2021-11-25 15:52:22,43.0528,-74.3438,40.95,84,90,1.01
516,Binabalian,PH,2021-11-25 15:52:23,16.4202,119.9279,82.53,72,99,12.1
517,Daru,PG,2021-11-25 15:52:23,-9.0763,143.2092,80.28,84,94,5.73
518,Viedma,AR,2021-11-25 15:52:24,-40.8135,-62.9967,80.94,32,17,20.04
519,Galt,US,2021-11-25 15:52:24,38.2546,-121.3,57.43,58,20,3.65
520,Chandpur,IN,2021-11-25 15:52:25,29.15,78.2667,63.07,42,0,3.67
521,Maldonado,UY,2021-11-25 15:52:00,-34.6667,-54.9167,75.22,31,100,11.23
522,Zhigansk,RU,2021-11-25 15:52:25,66.7697,123.3711,-8.75,85,100,10.49
523,Castletown,IE,2021-11-25 15:52:26,53.0281,-9.0686,43.29,71,81,9.98
524,Galle,LK,2021-11-25 15:52:26,6.0367,80.217,77.04,89,100,7.27
525,Saint Anthony,US,2021-11-25 15:48:35,45.0205,-93.218,20.25,63,1,5.01
526,Killybegs,IE,2021-11-25 15:52:27,54.6333,-8.45,46.11,72,100,18.77
527,Sefophe,BW,2021-11-25 15:52:27,-22.1833,27.9667,75.7,64,75,14.97
528,Itoman,JP,2021-11-25 15:52:28,26.1247,127.6694,68.02,68,75,10.36
529,Nizhnyaya Salda,RU,2021-11-25 15:52:28,58.0776,60.7202,8.2,95,48,5.79
530,Kananga,CD,2021-11-25 15:52:29,-5.8958,22.4178,74.28,81,94,0.96
531,Yantarnyy,RU,2021-11-25 15:52:29,54.8717,19.9381,40.86,69,96,20.27
532,Salekhard,RU,2021-11-25 15:52:29,66.53,66.6019,3.07,87,100,8.99
533,Atambua,ID,2021-11-25 15:52:30,-9.1061,124.8925,76.12,86,97,0.54
534,Vila,PT,2021-11-25 15:52:30,42.0304,-8.1588,45.48,73,70,7.43
535,Bunia,CD,2021-11-25 15:52:31,1.5667,30.25,70.11,69,78,1.81
536,Korla,CN,2021-11-25 15:52:31,41.7597,86.1469,30.51,51,0,1.79
537,Tahe,CN,2021-11-25 15:52:32,52.3333,124.7333,2.1,95,61,3.29
538,Roebourne,AU,2021-11-25 15:52:32,-20.7833,117.1333,81.84,38,0,8.97
539,Penzance,GB,2021-11-25 15:52:33,50.1186,-5.5371,48.27,87,40,27.63
540,Narva-Joesuu,EE,2021-11-25 15:52:33,59.4589,28.0408,42.51,93,100,14.88
541,Ithaca,US,2021-11-25 15:52:34,42.4406,-76.4966,45.72,79,90,5.01
542,Egyek,HU,2021-11-25 15:52:34,47.6333,20.9,39.42,71,6,4.81
543,Buta,CD,2021-11-25 15:52:34,2.7858,24.73,82.26,48,24,0.31
544,Guozhen,CN,2021-11-25 15:52:35,34.3659,107.359,47.61,46,2,2.57
545,College,US,2021-11-25 15:52:35,64.8569,-147.8028,-16.91,70,40,0.0
546,Raudeberg,NO,2021-11-25 15:52:36,61.9875,5.1352,33.4,54,100,9.55
547,Tamugan,PH,2021-11-25 15:52:36,7.2308,125.3764,72.84,92,95,0.78
548,Black River,JM,2021-11-25 15:52:37,18.0264,-77.8487,84.97,58,66,6.24
549,Myitkyina,MM,2021-11-25 15:52:37,25.3833,97.4,61.27,67,0,2.48
550,Gao,ML,2021-11-25 15:52:37,16.6362,1.637,94.41,13,15,10.33
551,Thinadhoo,MV,2021-11-25 15:52:38,0.5333,72.9333,81.72,70,47,14.65
552,Rio Grande,BR,2021-11-25 15:53:38,-32.035,-52.0986,82.51,67,99,12.88
553,Farmington,US,2021-11-25 15:52:26,36.7281,-108.2187,38.21,77,1,5.75
554,Havre-Saint-Pierre,CA,2021-11-25 15:53:39,50.2334,-63.5986,41.36,100,90,10.36
555,Sibolga,ID,2021-11-25 15:53:39,1.7427,98.7792,76.89,89,66,3.4
556,Port Macquarie,AU,2021-11-25 15:49:00,-31.4333,152.9167,71.49,94,90,6.91
557,Huarmey,PE,2021-11-25 15:53:40,-10.0681,-78.1522,70.81,79,86,10.02
558,Furano,JP,2021-11-25 15:53:40,43.2818,142.4743,26.24,95,100,4.32
559,Otradnoye,RU,2021-11-25 15:53:41,59.7775,30.8181,42.19,90,100,12.44
560,Buluang,PH,2021-11-25 15:53:41,13.3068,123.3425,76.95,90,60,4.18
561,Pishin,PK,2021-11-25 15:53:42,30.5803,66.9961,51.04,31,0,3.89
562,Westport,US,2021-11-25 15:53:42,41.1415,-73.3579,51.91,50,71,1.99
563,Kennett,US,2021-11-25 15:52:00,36.2362,-90.0556,55.54,100,90,6.91
564,Chara,RU,2021-11-25 15:53:43,56.9064,118.2631,-4.97,72,53,1.36
565,Talitsa,RU,2021-11-25 15:53:43,56.8804,60.0213,7.34,92,91,7.05
566,Soc Trang,VN,2021-11-25 15:53:44,9.6033,105.98,75.16,88,84,3.18
567,Kabo,CF,2021-11-25 15:53:44,7.6994,18.629,88.56,21,15,2.1
568,Verkhoyansk,RU,2021-11-25 15:53:45,67.5447,133.385,-35.03,99,100,1.36
569,Qostanay,KZ,2021-11-25 15:53:45,53.1667,63.5833,10.69,72,0,11.18
570,Hervey Bay,AU,2021-11-25 15:53:45,-25.2986,152.8535,74.03,92,98,5.01
571,Rio Rancho,US,2021-11-25 15:53:46,35.2334,-106.6645,43.75,59,1,4.0
572,Tongren,CN,2021-11-25 15:53:46,27.7172,109.1853,53.11,78,0,2.55
573,The Valley,AI,2021-11-25 15:53:07,18.217,-63.0578,85.86,69,20,4.61
